feature,importance
customer_state,0.4339028512018385
freight_value,0.25820948000179383
order_month,0.23998983416396075
seller_state,0.023113510395243623
product_weight_g,0.012076870379154815
product_volume_cm3,0.011837281693834236
primary_payment_type,0.007771889272150489
order_day_of_week,0.007619022715839224
price,0.005098424998227393
num_installments,0.00038083517795724046
