feature,importance
delivery_delay_days,0.726124199906183
delivery_days,0.18805753713758588
freight_value,0.03744104017352528
price,0.018812512943120554
product_weight_g,0.011100008194879604
num_installments,0.009304862595945517
is_late_int,0.006973741475040218
product_photos_qty,0.0021860975737199298
